Kolam,point,path_length,start_end_distance,width,height
1,725,793.7331602364577,0.0,37.0,37.0
2,725,798.472033414429,0.0,37.0,37.0
3,725,831.9541683756227,0.0,37.0,37.0
4,725,831.495177839862,0.0,37.0,37.0
5,725,799.3900144859501,0.0,37.0,37.0
6,725,830.5771967683407,0.0,37.0,37.0
7,725,805.9648498069637,0.0,37.0,37.0
8,725,806.8828308784848,0.0,37.0,37.0
9,725,805.505859271203,0.0,37.0,37.0
10,725,835.7750604820726,0.0,37.0,37.0
11,725,810.7037229849348,0.0,37.0,37.0
12,725,798.9310239501895,0.0,37.0,37.0
13,725,802.6029482362742,0.0,37.0,37.0
14,725,838.5290036966361,0.0,37.0,37.0
15,725,816.3605772344272,0.0,37.0,37.0
16,725,844.1858579461285,0.0,37.0,37.0
17,725,806.4238403427242,0.0,37.0,37.0
18,725,826.7563046618907,0.0,37.0,37.0
19,725,820.1814693408772,0.0,37.0,37.0
20,725,831.0361873041013,0.0,37.0,37.0
21,725,826.2973141261302,0.0,37.0,37.0
22,725,819.1145204489908,0.0,37.0,37.0
23,725,795.5691223795,0.0,37.0,37.0
24,725,824.0023614473273,0.0,37.0,37.0
25,725,827.2152951976514,0.0,37.0,37.0
26,725,816.8195677701877,0.0,37.0,37.0
27,725,822.4764220196802,0.0,37.0,37.0
28,725,810.2447324491741,0.0,37.0,37.0
29,725,805.9648498069636,0.0,37.0,37.0
30,725,848.0067500525786,0.0,37.0,37.0
31,725,812.0806945922166,0.0,37.0,37.0
32,725,834.708111590186,0.0,37.0,37.0
33,725,832.4131589113831,0.0,37.0,37.0
34,725,827.6742857334119,0.0,37.0,37.0
35,725,811.1627135206954,0.0,37.0,37.0
36,725,805.9648498069636,0.0,37.0,37.0
37,725,826.7563046618907,0.0,37.0,37.0
38,725,820.0325015205119,0.0,37.0,37.0
39,725,831.495177839862,0.0,37.0,37.0
40,725,842.3498958030862,0.0,37.0,37.0
41,725,796.0281129152606,0.0,37.0,37.0
42,725,816.8195677701877,0.0,37.0,37.0
43,725,819.7224788051167,0.0,37.0,37.0
44,725,799.39001448595,0.0,37.0,37.0
45,725,814.9836056271454,0.0,37.0,37.0
46,725,828.1332762691725,0.0,37.0,37.0
47,725,812.5396851279772,0.0,37.0,37.0
48,725,815.442596162906,0.0,37.0,37.0
49,725,833.3311399829042,0.0,37.0,37.0
50,725,826.7563046618907,0.0,37.0,37.0
51,725,822.4764220196801,0.0,37.0,37.0
52,725,819.7224788051167,0.0,37.0,37.0
53,725,807.3418214142453,0.0,37.0,37.0
54,725,800.7669860932318,0.0,37.0,37.0
55,725,805.505859271203,0.0,37.0,37.0
56,725,840.0549431242832,0.0,37.0,37.0
57,725,830.5771967683409,0.0,37.0,37.0
58,725,817.2785583059483,0.0,37.0,37.0
59,725,820.6404598766378,0.0,37.0,37.0
60,725,836.2340510178333,0.0,37.0,37.0
61,725,814.5246150913849,0.0,37.0,37.0
62,725,812.0806945922166,0.0,37.0,37.0
63,725,848.0067500525785,0.0,37.0,37.0
64,725,816.8195677701879,0.0,37.0,37.0
65,725,832.4131589113831,0.0,37.0,37.0
66,725,832.8721494471438,0.0,37.0,37.0
67,725,818.1965393774694,0.0,37.0,37.0
68,725,799.39001448595,0.0,37.0,37.0
69,725,809.326751377653,0.0,37.0,37.0
70,725,815.442596162906,0.0,37.0,37.0
71,725,822.4764220196802,0.0,37.0,37.0
72,725,825.8383235903696,0.0,37.0,37.0
73,725,804.5878781996819,0.0,37.0,37.0
74,725,804.5878781996819,0.0,37.0,37.0
75,725,812.0806945922166,0.0,37.0,37.0
76,725,841.8909052673255,0.0,37.0,37.0
77,725,809.326751377653,0.0,37.0,37.0
78,725,795.5691223795,0.0,37.0,37.0
79,725,811.621704056456,0.0,37.0,37.0
80,725,827.674285733412,0.0,37.0,37.0
81,725,805.505859271203,0.0,37.0,37.0
82,725,796.4871034510212,0.0,37.0,37.0
83,725,811.1627135206954,0.0,37.0,37.0
84,725,810.7037229849348,0.0,37.0,37.0
85,725,800.7669860932317,0.0,37.0,37.0
86,725,795.5691223795,0.0,37.0,37.0
87,725,816.8195677701877,0.0,37.0,37.0
88,725,806.8828308784848,0.0,37.0,37.0
89,725,839.9059753039178,0.0,37.0,37.0
90,725,826.2973141261301,0.0,37.0,37.0
91,725,798.9310239501895,0.0,37.0,37.0
92,725,810.7037229849348,0.0,37.0,37.0
93,725,801.2259766289924,0.0,37.0,37.0
94,725,825.8383235903696,0.0,37.0,37.0
95,725,821.0994504123985,0.0,37.0,37.0
96,725,842.8088863388468,0.0,37.0,37.0
97,725,821.0994504123984,0.0,37.0,37.0
98,725,816.3605772344272,0.0,37.0,37.0
99,725,816.3605772344272,0.0,37.0,37.0
100,725,811.1627135206954,0.0,37.0,37.0
101,725,833.7901305186649,0.0,37.0,37.0
102,725,804.5878781996819,0.0,37.0,37.0
103,725,795.5691223795,0.0,37.0,37.0
104,725,804.5878781996819,0.0,37.0,37.0
105,725,822.0174314839196,0.0,37.0,37.0
106,725,822.4764220196802,0.0,37.0,37.0
107,725,841.431914731565,0.0,37.0,37.0
108,725,837.6110226251149,0.0,37.0,37.0
109,725,816.3605772344272,0.0,37.0,37.0
110,725,810.2447324491743,0.0,37.0,37.0
111,725,818.1965393774695,0.0,37.0,37.0
112,725,803.6698971281608,0.0,37.0,37.0
113,725,816.3605772344272,0.0,37.0,37.0
114,725,826.7563046618908,0.0,37.0,37.0
115,725,810.7037229849348,0.0,37.0,37.0
116,725,801.6849671647531,0.0,37.0,37.0
117,725,814.9836056271454,0.0,37.0,37.0
118,725,852.2866326947892,0.0,37.0,37.0
119,725,798.4720334144288,0.0,37.0,37.0
120,725,809.326751377653,0.0,37.0,37.0
121,725,811.1627135206954,0.0,37.0,37.0
122,725,793.7331602364577,0.0,37.0,37.0
123,725,836.6930415535938,0.0,37.0,37.0
124,725,805.505859271203,0.0,37.0,37.0
125,725,830.5771967683409,0.0,37.0,37.0
126,725,815.9015866986666,0.0,37.0,37.0
127,725,831.9541683756225,0.0,37.0,37.0
128,725,821.0994504123984,0.0,37.0,37.0
129,725,841.431914731565,0.0,37.0,37.0
130,725,858.4024774800421,0.0,37.0,37.0
131,725,825.379333054609,0.0,37.0,37.0
132,725,826.7563046618908,0.0,37.0,37.0
133,725,819.7224788051167,0.0,37.0,37.0
134,725,817.737548841709,0.0,37.0,37.0
135,725,825.379333054609,0.0,37.0,37.0
136,725,798.9310239501895,0.0,37.0,37.0
137,725,805.0468687354423,0.0,37.0,37.0
138,725,841.431914731565,0.0,37.0,37.0
139,725,832.4131589113831,0.0,37.0,37.0
140,725,810.2447324491742,0.0,37.0,37.0
141,725,815.442596162906,0.0,37.0,37.0
142,725,805.505859271203,0.0,37.0,37.0
143,725,811.621704056456,0.0,37.0,37.0
144,725,798.9310239501895,0.0,37.0,37.0
145,725,825.8383235903696,0.0,37.0,37.0
146,725,817.2785583059483,0.0,37.0,37.0
147,725,788.535296522726,0.0,37.0,37.0
148,725,810.2447324491743,0.0,37.0,37.0
149,725,822.9354125554407,0.0,37.0,37.0
150,725,821.0994504123984,0.0,37.0,37.0
151,725,824.3123841627224,0.0,37.0,37.0
152,725,831.495177839862,0.0,37.0,37.0
153,725,830.5771967683409,0.0,37.0,37.0
154,725,822.9354125554407,0.0,37.0,37.0
155,725,812.9986756637378,0.0,37.0,37.0
156,725,822.0174314839196,0.0,37.0,37.0
157,725,817.2785583059483,0.0,37.0,37.0
158,725,815.4425961629059,0.0,37.0,37.0
159,725,805.9648498069637,0.0,37.0,37.0
160,725,814.9836056271454,0.0,37.0,37.0
161,725,806.4238403427242,0.0,37.0,37.0
162,725,799.3900144859499,0.0,37.0,37.0
163,725,801.2259766289924,0.0,37.0,37.0
164,725,821.0994504123985,0.0,37.0,37.0
165,725,826.2973141261302,0.0,37.0,37.0
166,725,805.505859271203,0.0,37.0,37.0
167,725,793.274169700697,0.0,37.0,37.0
168,725,827.6742857334119,0.0,37.0,37.0
169,725,812.0806945922166,0.0,37.0,37.0
170,725,794.1921507722182,0.0,37.0,37.0
171,725,805.9648498069635,0.0,37.0,37.0
172,725,816.3605772344272,0.0,37.0,37.0
173,725,820.6404598766378,0.0,37.0,37.0
174,725,796.4871034510211,0.0,37.0,37.0
175,725,837.1520320893544,0.0,37.0,37.0
176,725,827.2152951976514,0.0,37.0,37.0
177,725,799.8490050217106,0.0,37.0,37.0
178,725,836.6930415535937,0.0,37.0,37.0
179,725,848.0067500525786,0.0,37.0,37.0
180,725,826.7563046618907,0.0,37.0,37.0
181,725,805.505859271203,0.0,37.0,37.0
182,725,795.5691223795,0.0,37.0,37.0
183,725,835.3160699463119,0.0,37.0,37.0
184,725,811.1627135206954,0.0,37.0,37.0
185,725,810.2447324491741,0.0,37.0,37.0
186,725,821.0994504123985,0.0,37.0,37.0
187,725,804.1288876639212,0.0,37.0,37.0
188,725,828.1332762691725,0.0,37.0,37.0
189,725,800.3079955574713,0.0,37.0,37.0
190,725,806.8828308784848,0.0,37.0,37.0
191,725,811.6217040564559,0.0,37.0,37.0
192,725,797.5540523429077,0.0,37.0,37.0
193,725,805.0468687354424,0.0,37.0,37.0
194,725,825.8383235903696,0.0,37.0,37.0
195,725,831.495177839862,0.0,37.0,37.0
196,725,811.1627135206954,0.0,37.0,37.0
197,725,798.9310239501895,0.0,37.0,37.0
198,725,805.9648498069637,0.0,37.0,37.0
199,725,842.8088863388468,0.0,37.0,37.0
200,725,804.5878781996819,0.0,37.0,37.0
201,725,805.9648498069637,0.0,37.0,37.0
202,725,800.3079955574713,0.0,37.0,37.0
203,725,816.8195677701877,0.0,37.0,37.0
204,725,837.1520320893544,0.0,37.0,37.0
205,725,811.1627135206954,0.0,37.0,37.0
206,725,825.379333054609,0.0,37.0,37.0
207,725,822.0174314839196,0.0,37.0,37.0
208,725,796.9460939867818,0.0,37.0,37.0
209,725,831.9541683756225,0.0,37.0,37.0
210,725,815.9015866986665,0.0,37.0,37.0
211,725,842.3498958030862,0.0,37.0,37.0
212,725,818.6555299132301,0.0,37.0,37.0
213,725,826.7563046618909,0.0,37.0,37.0
214,725,837.611022625115,0.0,37.0,37.0
215,725,805.9648498069637,0.0,37.0,37.0
216,725,837.611022625115,0.0,37.0,37.0
217,725,804.1288876639212,0.0,37.0,37.0
218,725,821.5584409481589,0.0,37.0,37.0
219,725,810.7037229849348,0.0,37.0,37.0
220,725,815.9015866986666,0.0,37.0,37.0
221,725,805.505859271203,0.0,37.0,37.0
222,725,857.0255058727603,0.0,37.0,37.0
223,725,789.9122681300076,0.0,37.0,37.0
224,725,811.1627135206954,0.0,37.0,37.0
225,725,828.1332762691725,0.0,37.0,37.0
226,725,833.7901305186649,0.0,37.0,37.0
227,725,817.737548841709,0.0,37.0,37.0
228,725,805.9648498069636,0.0,37.0,37.0
229,725,814.0656245556243,0.0,37.0,37.0
230,725,811.1627135206954,0.0,37.0,37.0
231,725,826.7563046618909,0.0,37.0,37.0
232,725,851.8276421590285,0.0,37.0,37.0
233,725,864.9773128010556,0.0,37.0,37.0
234,725,825.3793330546091,0.0,37.0,37.0
235,725,826.7563046618907,0.0,37.0,37.0
236,725,822.0174314839196,0.0,37.0,37.0
237,725,814.5246150913848,0.0,37.0,37.0
238,725,814.5246150913848,0.0,37.0,37.0
239,725,810.7037229849348,0.0,37.0,37.0
240,725,826.7563046618908,0.0,37.0,37.0
241,725,805.9648498069635,0.0,37.0,37.0
242,725,812.0806945922166,0.0,37.0,37.0
243,725,819.7224788051166,0.0,37.0,37.0
244,725,815.442596162906,0.0,37.0,37.0
245,725,816.8195677701876,0.0,37.0,37.0
246,725,822.0174314839196,0.0,37.0,37.0
247,725,821.5584409481589,0.0,37.0,37.0
248,725,813.6066340198636,0.0,37.0,37.0
249,725,827.2152951976514,0.0,37.0,37.0
250,725,812.0806945922166,0.0,37.0,37.0
251,725,827.2152951976514,0.0,37.0,37.0
252,725,812.0806945922166,0.0,37.0,37.0
253,725,802.6029482362741,0.0,37.0,37.0
254,725,869.7161859790269,0.0,37.0,37.0
255,725,814.9836056271454,0.0,37.0,37.0
256,725,822.0174314839196,0.0,37.0,37.0
257,725,816.3605772344272,0.0,37.0,37.0
258,725,812.0806945922166,0.0,37.0,37.0
259,725,827.2152951976514,0.0,37.0,37.0
260,725,838.5290036966362,0.0,37.0,37.0
261,725,827.2152951976514,0.0,37.0,37.0
262,725,828.1332762691725,0.0,37.0,37.0
263,725,811.6217040564561,0.0,37.0,37.0
264,725,842.8088863388468,0.0,37.0,37.0
265,725,823.3944030912014,0.0,37.0,37.0
266,725,811.6217040564559,0.0,37.0,37.0
267,725,846.1707879095362,0.0,37.0,37.0
268,725,838.0700131608755,0.0,37.0,37.0
269,725,830.5771967683409,0.0,37.0,37.0
270,725,794.1921507722183,0.0,37.0,37.0
271,725,821.0994504123985,0.0,37.0,37.0
272,725,806.8828308784847,0.0,37.0,37.0
273,725,813.6066340198636,0.0,37.0,37.0
274,725,815.442596162906,0.0,37.0,37.0
275,725,809.3267513776531,0.0,37.0,37.0
276,725,829.0512573406936,0.0,37.0,37.0
277,725,799.8490050217106,0.0,37.0,37.0
278,725,811.1627135206954,0.0,37.0,37.0
279,725,825.379333054609,0.0,37.0,37.0
280,725,790.8302492015289,0.0,37.0,37.0
281,725,816.3605772344272,0.0,37.0,37.0
282,725,827.674285733412,0.0,37.0,37.0
283,725,816.8195677701879,0.0,37.0,37.0
284,725,823.3944030912013,0.0,37.0,37.0
285,725,814.9836056271454,0.0,37.0,37.0
286,725,822.9354125554407,0.0,37.0,37.0
287,725,838.0700131608755,0.0,37.0,37.0
288,725,815.9015866986665,0.0,37.0,37.0
289,725,826.7563046618909,0.0,37.0,37.0
290,725,812.0806945922166,0.0,37.0,37.0
291,725,811.1627135206954,0.0,37.0,37.0
292,725,805.505859271203,0.0,37.0,37.0
293,725,805.505859271203,0.0,37.0,37.0
294,725,805.9648498069636,0.0,37.0,37.0
295,725,826.7563046618908,0.0,37.0,37.0
296,725,789.9122681300075,0.0,37.0,37.0
297,725,817.2785583059483,0.0,37.0,37.0
298,725,795.5691223795,0.0,37.0,37.0
299,725,827.6742857334119,0.0,37.0,37.0
300,725,831.9541683756224,0.0,37.0,37.0
301,725,837.6110226251149,0.0,37.0,37.0
302,725,822.9354125554407,0.0,37.0,37.0
303,725,789.4532775942471,0.0,37.0,37.0
304,725,820.1814693408772,0.0,37.0,37.0
305,725,837.611022625115,0.0,37.0,37.0
306,725,809.7857419134136,0.0,37.0,37.0
307,725,816.3605772344272,0.0,37.0,37.0
308,725,804.5878781996819,0.0,37.0,37.0
309,725,815.9015866986666,0.0,37.0,37.0
310,725,803.0619387720348,0.0,37.0,37.0
311,725,815.442596162906,0.0,37.0,37.0
312,725,847.0887689810573,0.0,37.0,37.0
313,725,809.7857419134136,0.0,37.0,37.0
314,725,801.2259766289924,0.0,37.0,37.0
315,725,807.8008119500059,0.0,37.0,37.0
316,725,805.9648498069637,0.0,37.0,37.0
317,725,830.1182062325802,0.0,37.0,37.0
318,725,814.9836056271454,0.0,37.0,37.0
319,725,816.3605772344272,0.0,37.0,37.0
320,725,827.674285733412,0.0,37.0,37.0
321,725,826.7563046618907,0.0,37.0,37.0
322,725,826.7563046618908,0.0,37.0,37.0
323,725,815.9015866986666,0.0,37.0,37.0
324,725,831.0361873041013,0.0,37.0,37.0
325,725,827.674285733412,0.0,37.0,37.0
326,725,800.7669860932318,0.0,37.0,37.0
327,725,814.9836056271454,0.0,37.0,37.0
328,725,811.1627135206954,0.0,37.0,37.0
329,725,799.8490050217106,0.0,37.0,37.0
330,725,822.4764220196802,0.0,37.0,37.0
331,725,874.9140496927587,0.0,37.0,37.0
332,725,794.6511413079788,0.0,37.0,37.0
333,725,800.3079955574713,0.0,37.0,37.0
334,725,804.5878781996819,0.0,37.0,37.0
335,725,819.1145204489906,0.0,37.0,37.0
336,725,826.2973141261302,0.0,37.0,37.0
337,725,819.1145204489908,0.0,37.0,37.0
338,725,832.8721494471438,0.0,37.0,37.0
339,725,825.379333054609,0.0,37.0,37.0
340,725,827.674285733412,0.0,37.0,37.0
341,725,830.5771967683409,0.0,37.0,37.0
342,725,831.9541683756225,0.0,37.0,37.0
343,725,804.5878781996819,0.0,37.0,37.0
344,725,806.4238403427241,0.0,37.0,37.0
345,725,820.1814693408771,0.0,37.0,37.0
346,725,805.9648498069637,0.0,37.0,37.0
347,725,812.5396851279771,0.0,37.0,37.0
348,725,792.2072208088106,0.0,37.0,37.0
349,725,805.505859271203,0.0,37.0,37.0
350,725,815.442596162906,0.0,37.0,37.0
351,725,828.1332762691725,0.0,37.0,37.0
352,725,843.2678768746073,0.0,37.0,37.0
353,725,816.3605772344272,0.0,37.0,37.0
354,725,820.1814693408771,0.0,37.0,37.0
355,725,836.6930415535937,0.0,37.0,37.0
356,725,821.0994504123984,0.0,37.0,37.0
357,725,804.1288876639212,0.0,37.0,37.0
358,725,831.495177839862,0.0,37.0,37.0
359,725,815.9015866986667,0.0,37.0,37.0
360,725,818.6555299132301,0.0,37.0,37.0
361,725,817.737548841709,0.0,37.0,37.0
362,725,809.7857419134136,0.0,37.0,37.0
363,725,804.5878781996818,0.0,37.0,37.0
364,725,836.6930415535937,0.0,37.0,37.0
365,725,800.7669860932318,0.0,37.0,37.0
366,725,806.4238403427241,0.0,37.0,37.0
367,725,817.737548841709,0.0,37.0,37.0
368,725,852.7456232305497,0.0,37.0,37.0
369,725,820.6404598766378,0.0,37.0,37.0
370,725,798.4720334144288,0.0,37.0,37.0
371,725,823.8533936269619,0.0,37.0,37.0
372,725,812.9986756637377,0.0,37.0,37.0
373,725,812.5396851279771,0.0,37.0,37.0
374,725,831.9541683756224,0.0,37.0,37.0
375,725,838.5290036966362,0.0,37.0,37.0
376,725,803.6698971281606,0.0,37.0,37.0
377,725,836.2340510178332,0.0,37.0,37.0
378,725,826.7563046618907,0.0,37.0,37.0
379,725,821.5584409481589,0.0,37.0,37.0
380,725,803.6698971281606,0.0,37.0,37.0
381,725,825.8383235903696,0.0,37.0,37.0
382,725,814.9836056271454,0.0,37.0,37.0
383,725,831.495177839862,0.0,37.0,37.0
384,725,822.9354125554407,0.0,37.0,37.0
385,725,810.7037229849348,0.0,37.0,37.0
386,725,805.9648498069636,0.0,37.0,37.0
387,725,806.4238403427241,0.0,37.0,37.0
388,725,794.6511413079788,0.0,37.0,37.0
389,725,817.737548841709,0.0,37.0,37.0
390,725,804.1288876639212,0.0,37.0,37.0
391,725,809.7857419134136,0.0,37.0,37.0
392,725,842.3498958030862,0.0,37.0,37.0
393,725,822.4764220196801,0.0,37.0,37.0
394,725,798.9310239501895,0.0,37.0,37.0
395,725,815.442596162906,0.0,37.0,37.0
396,725,833.7901305186649,0.0,37.0,37.0
397,725,803.0619387720348,0.0,37.0,37.0
398,725,821.0994504123984,0.0,37.0,37.0
399,725,834.2491210544255,0.0,37.0,37.0
400,725,808.8677608418925,0.0,37.0,37.0
