kolam,vertical_symmetry,horizontal_symmetry,rotation_180
1,0.0027586206896547064,0.0,0.0027586206896547064
2,0.002758620689654707,0.0,0.002758620689654707
3,0.002758620689654707,0.0,0.002758620689654707
4,0.002758620689654707,0.0,0.002758620689654707
5,0.002758620689654707,0.0,0.002758620689654707
6,0.002758620689654707,0.0,0.002758620689654707
7,0.002758620689654706,0.0,0.002758620689654706
8,0.0027586206896547064,0.0,0.0027586206896547064
9,0.002758620689654707,0.0,0.002758620689654707
10,0.002758620689654707,0.0,0.002758620689654707
11,0.002758620689654707,0.0,0.002758620689654707
12,0.0027586206896547064,0.0,0.0027586206896547064
13,0.002758620689654706,0.0,0.002758620689654706
14,0.0027586206896547073,0.0,0.0027586206896547073
15,0.0027586206896547064,0.0,0.0027586206896547064
16,0.0027586206896547064,0.0,0.0027586206896547064
17,0.0027586206896547064,0.0,0.0027586206896547064
18,0.0027586206896547064,0.0,0.0027586206896547064
19,0.002758620689654707,0.0,0.002758620689654707
20,0.0027586206896547073,0.0,0.0027586206896547073
21,0.0027586206896547064,0.0,0.0027586206896547064
22,0.002758620689654706,0.0,0.002758620689654706
23,0.0027586206896547064,0.0,0.0027586206896547064
24,0.0027586206896547073,0.0,0.0027586206896547073
25,0.0027586206896547064,0.0,0.0027586206896547064
26,0.002758620689654706,0.0,0.002758620689654706
27,0.002758620689654707,0.0,0.002758620689654707
28,0.0027586206896547064,0.0,0.0027586206896547064
29,0.0027586206896547064,0.0,0.0027586206896547064
30,0.0027586206896547064,0.0,0.0027586206896547064
31,0.0027586206896547064,0.0,0.0027586206896547064
32,0.0027586206896547073,0.0,0.0027586206896547073
33,0.0027586206896547064,0.0,0.0027586206896547064
34,0.0027586206896547064,0.0,0.0027586206896547064
35,0.0027586206896547064,0.0,0.0027586206896547064
36,0.0027586206896547064,0.0,0.0027586206896547064
37,0.0027586206896547073,0.0,0.0027586206896547073
38,0.0027586206896547064,0.0,0.0027586206896547064
39,0.002758620689654706,0.0,0.002758620689654706
40,0.0027586206896547073,0.0,0.0027586206896547073
41,0.0027586206896547064,0.0,0.0027586206896547064
42,0.0027586206896547064,0.0,0.0027586206896547064
43,0.002758620689654707,0.0,0.002758620689654707
44,0.0027586206896547064,0.0,0.0027586206896547064
45,0.0027586206896547073,0.0,0.0027586206896547073
46,0.0027586206896547064,0.0,0.0027586206896547064
47,0.0027586206896547064,0.0,0.0027586206896547064
48,0.002758620689654707,0.0,0.002758620689654707
49,0.0027586206896547064,0.0,0.0027586206896547064
50,0.0027586206896547064,0.0,0.0027586206896547064
51,0.0027586206896547064,0.0,0.0027586206896547064
52,0.0027586206896547064,0.0,0.0027586206896547064
53,0.0027586206896547064,0.0,0.0027586206896547064
54,0.002758620689654707,0.0,0.002758620689654707
55,0.0027586206896547064,0.0,0.0027586206896547064
56,0.002758620689654707,0.0,0.002758620689654707
57,0.0027586206896547064,0.0,0.0027586206896547064
58,0.002758620689654706,0.0,0.002758620689654706
59,0.0027586206896547073,0.0,0.0027586206896547073
60,0.0027586206896547073,0.0,0.0027586206896547073
61,0.002758620689654707,0.0,0.002758620689654707
62,0.0027586206896547064,0.0,0.0027586206896547064
63,0.002758620689654707,0.0,0.002758620689654707
64,0.0027586206896547073,0.0,0.0027586206896547073
65,0.002758620689654707,0.0,0.002758620689654707
66,0.0027586206896547073,0.0,0.0027586206896547073
67,0.0027586206896547064,0.0,0.0027586206896547064
68,0.0027586206896547064,0.0,0.0027586206896547064
69,0.0027586206896547064,0.0,0.0027586206896547064
70,0.0027586206896547073,0.0,0.0027586206896547073
71,0.002758620689654707,0.0,0.002758620689654707
72,0.002758620689654707,0.0,0.002758620689654707
73,0.002758620689654706,0.0,0.002758620689654706
74,0.0027586206896547064,0.0,0.0027586206896547064
75,0.0027586206896547064,0.0,0.0027586206896547064
76,0.002758620689654707,0.0,0.002758620689654707
77,0.002758620689654707,0.0,0.002758620689654707
78,0.0027586206896547064,0.0,0.0027586206896547064
79,0.002758620689654707,0.0,0.002758620689654707
80,0.0027586206896547073,0.0,0.0027586206896547073
81,0.0027586206896547064,0.0,0.0027586206896547064
82,0.0027586206896547056,0.0,0.0027586206896547056
83,0.0027586206896547064,0.0,0.0027586206896547064
84,0.0027586206896547064,0.0,0.0027586206896547064
85,0.0027586206896547064,0.0,0.0027586206896547064
86,0.0027586206896547064,0.0,0.0027586206896547064
87,0.0027586206896547073,0.0,0.0027586206896547073
88,0.0027586206896547064,0.0,0.0027586206896547064
89,0.0027586206896547064,0.0,0.0027586206896547064
90,0.002758620689654707,0.0,0.002758620689654707
91,0.0027586206896547064,0.0,0.0027586206896547064
92,0.002758620689654706,0.0,0.002758620689654706
93,0.002758620689654706,0.0,0.002758620689654706
94,0.0027586206896547073,0.0,0.0027586206896547073
95,0.002758620689654707,0.0,0.002758620689654707
96,0.0027586206896547064,0.0,0.0027586206896547064
97,0.0027586206896547064,0.0,0.0027586206896547064
98,0.0027586206896547064,0.0,0.0027586206896547064
99,0.002758620689654707,0.0,0.002758620689654707
100,0.0027586206896547064,0.0,0.0027586206896547064
101,0.0027586206896547064,0.0,0.0027586206896547064
102,0.0027586206896547073,0.0,0.0027586206896547073
103,0.0027586206896547064,0.0,0.0027586206896547064
104,0.0027586206896547064,0.0,0.0027586206896547064
105,0.002758620689654706,0.0,0.002758620689654706
106,0.002758620689654707,0.0,0.002758620689654707
107,0.0027586206896547073,0.0,0.0027586206896547073
108,0.0027586206896547073,0.0,0.0027586206896547073
109,0.002758620689654707,0.0,0.002758620689654707
110,0.0027586206896547073,0.0,0.0027586206896547073
111,0.002758620689654707,0.0,0.002758620689654707
112,0.002758620689654707,0.0,0.002758620689654707
113,0.0027586206896547064,0.0,0.0027586206896547064
114,0.0027586206896547064,0.0,0.0027586206896547064
115,0.002758620689654707,0.0,0.002758620689654707
116,0.0027586206896547064,0.0,0.0027586206896547064
117,0.002758620689654707,0.0,0.002758620689654707
118,0.002758620689654707,0.0,0.002758620689654707
119,0.002758620689654707,0.0,0.002758620689654707
120,0.002758620689654707,0.0,0.002758620689654707
121,0.0027586206896547073,0.0,0.0027586206896547073
122,0.0027586206896547056,0.0,0.0027586206896547056
123,0.0027586206896547073,0.0,0.0027586206896547073
124,0.0027586206896547064,0.0,0.0027586206896547064
125,0.0027586206896547073,0.0,0.0027586206896547073
126,0.0027586206896547073,0.0,0.0027586206896547073
127,0.002758620689654707,0.0,0.002758620689654707
128,0.002758620689654707,0.0,0.002758620689654707
129,0.0027586206896547073,0.0,0.0027586206896547073
130,0.0027586206896547064,0.0,0.0027586206896547064
131,0.0027586206896547073,0.0,0.0027586206896547073
132,0.0027586206896547064,0.0,0.0027586206896547064
133,0.0027586206896547073,0.0,0.0027586206896547073
134,0.0027586206896547064,0.0,0.0027586206896547064
135,0.002758620689654707,0.0,0.002758620689654707
136,0.0027586206896547064,0.0,0.0027586206896547064
137,0.0027586206896547064,0.0,0.0027586206896547064
138,0.002758620689654707,0.0,0.002758620689654707
139,0.002758620689654707,0.0,0.002758620689654707
140,0.0027586206896547073,0.0,0.0027586206896547073
141,0.0027586206896547073,0.0,0.0027586206896547073
142,0.0027586206896547064,0.0,0.0027586206896547064
143,0.002758620689654707,0.0,0.002758620689654707
144,0.0027586206896547073,0.0,0.0027586206896547073
145,0.0027586206896547073,0.0,0.0027586206896547073
146,0.0027586206896547064,0.0,0.0027586206896547064
147,0.0027586206896547064,0.0,0.0027586206896547064
148,0.002758620689654706,0.0,0.002758620689654706
149,0.002758620689654706,0.0,0.002758620689654706
150,0.0027586206896547064,0.0,0.0027586206896547064
151,0.0027586206896547064,0.0,0.0027586206896547064
152,0.0027586206896547073,0.0,0.0027586206896547073
153,0.002758620689654707,0.0,0.002758620689654707
154,0.0027586206896547064,0.0,0.0027586206896547064
155,0.0027586206896547056,0.0,0.0027586206896547056
156,0.0027586206896547064,0.0,0.0027586206896547064
157,0.0027586206896547064,0.0,0.0027586206896547064
158,0.002758620689654707,0.0,0.002758620689654707
159,0.0027586206896547056,0.0,0.0027586206896547056
160,0.002758620689654707,0.0,0.002758620689654707
161,0.0027586206896547064,0.0,0.0027586206896547064
162,0.002758620689654706,0.0,0.002758620689654706
163,0.0027586206896547064,0.0,0.0027586206896547064
164,0.0027586206896547073,0.0,0.0027586206896547073
165,0.0027586206896547064,0.0,0.0027586206896547064
166,0.0027586206896547064,0.0,0.0027586206896547064
167,0.002758620689654707,0.0,0.002758620689654707
168,0.002758620689654707,0.0,0.002758620689654707
169,0.0027586206896547073,0.0,0.0027586206896547073
170,0.002758620689654706,0.0,0.002758620689654706
171,0.0027586206896547073,0.0,0.0027586206896547073
172,0.0027586206896547056,0.0,0.0027586206896547056
173,0.002758620689654707,0.0,0.002758620689654707
174,0.0027586206896547064,0.0,0.0027586206896547064
175,0.002758620689654707,0.0,0.002758620689654707
176,0.002758620689654707,0.0,0.002758620689654707
177,0.0027586206896547064,0.0,0.0027586206896547064
178,0.002758620689654707,0.0,0.002758620689654707
179,0.0027586206896547064,0.0,0.0027586206896547064
180,0.0027586206896547064,0.0,0.0027586206896547064
181,0.0027586206896547064,0.0,0.0027586206896547064
182,0.0027586206896547064,0.0,0.0027586206896547064
183,0.0027586206896547073,0.0,0.0027586206896547073
184,0.0027586206896547064,0.0,0.0027586206896547064
185,0.002758620689654706,0.0,0.002758620689654706
186,0.0027586206896547064,0.0,0.0027586206896547064
187,0.0027586206896547073,0.0,0.0027586206896547073
188,0.0027586206896547073,0.0,0.0027586206896547073
189,0.002758620689654707,0.0,0.002758620689654707
190,0.0027586206896547056,0.0,0.0027586206896547056
191,0.0027586206896547064,0.0,0.0027586206896547064
192,0.002758620689654706,0.0,0.002758620689654706
193,0.0027586206896547064,0.0,0.0027586206896547064
194,0.002758620689654707,0.0,0.002758620689654707
195,0.002758620689654707,0.0,0.002758620689654707
196,0.0027586206896547064,0.0,0.0027586206896547064
197,0.0027586206896547064,0.0,0.0027586206896547064
198,0.0027586206896547064,0.0,0.0027586206896547064
199,0.0027586206896547073,0.0,0.0027586206896547073
200,0.002758620689654707,0.0,0.002758620689654707
201,0.0027586206896547064,0.0,0.0027586206896547064
202,0.0027586206896547064,0.0,0.0027586206896547064
203,0.0027586206896547064,0.0,0.0027586206896547064
204,0.0027586206896547064,0.0,0.0027586206896547064
205,0.0027586206896547073,0.0,0.0027586206896547073
206,0.002758620689654707,0.0,0.002758620689654707
207,0.0027586206896547064,0.0,0.0027586206896547064
208,0.0027586206896547064,0.0,0.0027586206896547064
209,0.0027586206896547073,0.0,0.0027586206896547073
210,0.0027586206896547064,0.0,0.0027586206896547064
211,0.0027586206896547064,0.0,0.0027586206896547064
212,0.0027586206896547064,0.0,0.0027586206896547064
213,0.002758620689654707,0.0,0.002758620689654707
214,0.002758620689654707,0.0,0.002758620689654707
215,0.0027586206896547064,0.0,0.0027586206896547064
216,0.0027586206896547064,0.0,0.0027586206896547064
217,0.002758620689654707,0.0,0.002758620689654707
218,0.0027586206896547056,0.0,0.0027586206896547056
219,0.0027586206896547064,0.0,0.0027586206896547064
220,0.0027586206896547064,0.0,0.0027586206896547064
221,0.0027586206896547064,0.0,0.0027586206896547064
222,0.0027586206896547064,0.0,0.0027586206896547064
223,0.0027586206896547064,0.0,0.0027586206896547064
224,0.0027586206896547064,0.0,0.0027586206896547064
225,0.0027586206896547073,0.0,0.0027586206896547073
226,0.0027586206896547073,0.0,0.0027586206896547073
227,0.0027586206896547064,0.0,0.0027586206896547064
228,0.0027586206896547064,0.0,0.0027586206896547064
229,0.0027586206896547073,0.0,0.0027586206896547073
230,0.0027586206896547064,0.0,0.0027586206896547064
231,0.002758620689654706,0.0,0.002758620689654706
232,0.0027586206896547073,0.0,0.0027586206896547073
233,0.0027586206896547064,0.0,0.0027586206896547064
234,0.0027586206896547073,0.0,0.0027586206896547073
235,0.0027586206896547073,0.0,0.0027586206896547073
236,0.0027586206896547064,0.0,0.0027586206896547064
237,0.0027586206896547064,0.0,0.0027586206896547064
238,0.0027586206896547064,0.0,0.0027586206896547064
239,0.0027586206896547064,0.0,0.0027586206896547064
240,0.0027586206896547064,0.0,0.0027586206896547064
241,0.002758620689654707,0.0,0.002758620689654707
242,0.0027586206896547064,0.0,0.0027586206896547064
243,0.0027586206896547073,0.0,0.0027586206896547073
244,0.002758620689654707,0.0,0.002758620689654707
245,0.002758620689654707,0.0,0.002758620689654707
246,0.0027586206896547064,0.0,0.0027586206896547064
247,0.002758620689654707,0.0,0.002758620689654707
248,0.0027586206896547073,0.0,0.0027586206896547073
249,0.002758620689654706,0.0,0.002758620689654706
250,0.002758620689654707,0.0,0.002758620689654707
251,0.002758620689654707,0.0,0.002758620689654707
252,0.0027586206896547064,0.0,0.0027586206896547064
253,0.002758620689654706,0.0,0.002758620689654706
254,0.002758620689654707,0.0,0.002758620689654707
255,0.0027586206896547064,0.0,0.0027586206896547064
256,0.002758620689654707,0.0,0.002758620689654707
257,0.0027586206896547064,0.0,0.0027586206896547064
258,0.002758620689654706,0.0,0.002758620689654706
259,0.0027586206896547064,0.0,0.0027586206896547064
260,0.0027586206896547064,0.0,0.0027586206896547064
261,0.0027586206896547064,0.0,0.0027586206896547064
262,0.0027586206896547064,0.0,0.0027586206896547064
263,0.0027586206896547064,0.0,0.0027586206896547064
264,0.002758620689654707,0.0,0.002758620689654707
265,0.002758620689654706,0.0,0.002758620689654706
266,0.0027586206896547064,0.0,0.0027586206896547064
267,0.002758620689654707,0.0,0.002758620689654707
268,0.0027586206896547064,0.0,0.0027586206896547064
269,0.0027586206896547073,0.0,0.0027586206896547073
270,0.0027586206896547064,0.0,0.0027586206896547064
271,0.002758620689654707,0.0,0.002758620689654707
272,0.0027586206896547064,0.0,0.0027586206896547064
273,0.0027586206896547073,0.0,0.0027586206896547073
274,0.0027586206896547064,0.0,0.0027586206896547064
275,0.0027586206896547064,0.0,0.0027586206896547064
276,0.0027586206896547073,0.0,0.0027586206896547073
277,0.0027586206896547064,0.0,0.0027586206896547064
278,0.002758620689654707,0.0,0.002758620689654707
279,0.0027586206896547064,0.0,0.0027586206896547064
280,0.0027586206896547064,0.0,0.0027586206896547064
281,0.0027586206896547073,0.0,0.0027586206896547073
282,0.002758620689654706,0.0,0.002758620689654706
283,0.0027586206896547064,0.0,0.0027586206896547064
284,0.0027586206896547073,0.0,0.0027586206896547073
285,0.0027586206896547064,0.0,0.0027586206896547064
286,0.002758620689654707,0.0,0.002758620689654707
287,0.0027586206896547064,0.0,0.0027586206896547064
288,0.002758620689654707,0.0,0.002758620689654707
289,0.002758620689654707,0.0,0.002758620689654707
290,0.0027586206896547064,0.0,0.0027586206896547064
291,0.002758620689654707,0.0,0.002758620689654707
292,0.0027586206896547064,0.0,0.0027586206896547064
293,0.0027586206896547064,0.0,0.0027586206896547064
294,0.0027586206896547056,0.0,0.0027586206896547056
295,0.0027586206896547064,0.0,0.0027586206896547064
296,0.0027586206896547064,0.0,0.0027586206896547064
297,0.0027586206896547056,0.0,0.0027586206896547056
298,0.002758620689654706,0.0,0.002758620689654706
299,0.0027586206896547064,0.0,0.0027586206896547064
300,0.002758620689654707,0.0,0.002758620689654707
301,0.0027586206896547073,0.0,0.0027586206896547073
302,0.0027586206896547064,0.0,0.0027586206896547064
303,0.0027586206896547064,0.0,0.0027586206896547064
304,0.0027586206896547073,0.0,0.0027586206896547073
305,0.002758620689654707,0.0,0.002758620689654707
306,0.0027586206896547064,0.0,0.0027586206896547064
307,0.0027586206896547064,0.0,0.0027586206896547064
308,0.0027586206896547064,0.0,0.0027586206896547064
309,0.0027586206896547064,0.0,0.0027586206896547064
310,0.0027586206896547064,0.0,0.0027586206896547064
311,0.0027586206896547064,0.0,0.0027586206896547064
312,0.002758620689654707,0.0,0.002758620689654707
313,0.0027586206896547064,0.0,0.0027586206896547064
314,0.0027586206896547064,0.0,0.0027586206896547064
315,0.0027586206896547056,0.0,0.0027586206896547056
316,0.0027586206896547064,0.0,0.0027586206896547064
317,0.002758620689654707,0.0,0.002758620689654707
318,0.0027586206896547064,0.0,0.0027586206896547064
319,0.0027586206896547064,0.0,0.0027586206896547064
320,0.0027586206896547064,0.0,0.0027586206896547064
321,0.0027586206896547064,0.0,0.0027586206896547064
322,0.002758620689654707,0.0,0.002758620689654707
323,0.0027586206896547056,0.0,0.0027586206896547056
324,0.0027586206896547073,0.0,0.0027586206896547073
325,0.002758620689654707,0.0,0.002758620689654707
326,0.0027586206896547056,0.0,0.0027586206896547056
327,0.0027586206896547077,0.0,0.0027586206896547077
328,0.0027586206896547064,0.0,0.0027586206896547064
329,0.002758620689654707,0.0,0.002758620689654707
330,0.0027586206896547064,0.0,0.0027586206896547064
331,0.0027586206896547073,0.0,0.0027586206896547073
332,0.0027586206896547056,0.0,0.0027586206896547056
333,0.002758620689654706,0.0,0.002758620689654706
334,0.002758620689654707,0.0,0.002758620689654707
335,0.0027586206896547064,0.0,0.0027586206896547064
336,0.002758620689654707,0.0,0.002758620689654707
337,0.002758620689654706,0.0,0.002758620689654706
338,0.0027586206896547073,0.0,0.0027586206896547073
339,0.0027586206896547064,0.0,0.0027586206896547064
340,0.0027586206896547064,0.0,0.0027586206896547064
341,0.002758620689654707,0.0,0.002758620689654707
342,0.0027586206896547064,0.0,0.0027586206896547064
343,0.0027586206896547073,0.0,0.0027586206896547073
344,0.0027586206896547064,0.0,0.0027586206896547064
345,0.002758620689654706,0.0,0.002758620689654706
346,0.0027586206896547064,0.0,0.0027586206896547064
347,0.002758620689654706,0.0,0.002758620689654706
348,0.0027586206896547064,0.0,0.0027586206896547064
349,0.002758620689654706,0.0,0.002758620689654706
350,0.0027586206896547064,0.0,0.0027586206896547064
351,0.0027586206896547064,0.0,0.0027586206896547064
352,0.0027586206896547073,0.0,0.0027586206896547073
353,0.002758620689654707,0.0,0.002758620689654707
354,0.0027586206896547073,0.0,0.0027586206896547073
355,0.0027586206896547073,0.0,0.0027586206896547073
356,0.0027586206896547073,0.0,0.0027586206896547073
357,0.0027586206896547064,0.0,0.0027586206896547064
358,0.0027586206896547073,0.0,0.0027586206896547073
359,0.0027586206896547064,0.0,0.0027586206896547064
360,0.0027586206896547056,0.0,0.0027586206896547056
361,0.0027586206896547064,0.0,0.0027586206896547064
362,0.002758620689654707,0.0,0.002758620689654707
363,0.0027586206896547073,0.0,0.0027586206896547073
364,0.0027586206896547064,0.0,0.0027586206896547064
365,0.0027586206896547064,0.0,0.0027586206896547064
366,0.002758620689654707,0.0,0.002758620689654707
367,0.002758620689654707,0.0,0.002758620689654707
368,0.002758620689654707,0.0,0.002758620689654707
369,0.002758620689654707,0.0,0.002758620689654707
370,0.002758620689654707,0.0,0.002758620689654707
371,0.0027586206896547056,0.0,0.0027586206896547056
372,0.002758620689654706,0.0,0.002758620689654706
373,0.0027586206896547064,0.0,0.0027586206896547064
374,0.0027586206896547073,0.0,0.0027586206896547073
375,0.0027586206896547064,0.0,0.0027586206896547064
376,0.002758620689654707,0.0,0.002758620689654707
377,0.002758620689654707,0.0,0.002758620689654707
378,0.0027586206896547064,0.0,0.0027586206896547064
379,0.0027586206896547064,0.0,0.0027586206896547064
380,0.0027586206896547064,0.0,0.0027586206896547064
381,0.0027586206896547064,0.0,0.0027586206896547064
382,0.0027586206896547064,0.0,0.0027586206896547064
383,0.0027586206896547064,0.0,0.0027586206896547064
384,0.002758620689654707,0.0,0.002758620689654707
385,0.0027586206896547064,0.0,0.0027586206896547064
386,0.0027586206896547064,0.0,0.0027586206896547064
387,0.0027586206896547056,0.0,0.0027586206896547056
388,0.002758620689654707,0.0,0.002758620689654707
389,0.0027586206896547073,0.0,0.0027586206896547073
390,0.002758620689654707,0.0,0.002758620689654707
391,0.0027586206896547073,0.0,0.0027586206896547073
392,0.0027586206896547073,0.0,0.0027586206896547073
393,0.002758620689654707,0.0,0.002758620689654707
394,0.0027586206896547064,0.0,0.0027586206896547064
395,0.0027586206896547073,0.0,0.0027586206896547073
396,0.0027586206896547064,0.0,0.0027586206896547064
397,0.0027586206896547064,0.0,0.0027586206896547064
398,0.002758620689654707,0.0,0.002758620689654707
399,0.0027586206896547064,0.0,0.0027586206896547064
400,0.0027586206896547073,0.0,0.0027586206896547073
